<?xml version="1.0" encoding="UTF-8"?>
<GenRun Id="dist_mem_gen_1_synth_1" LaunchPart="xc7z020clg400-1" LaunchTime="1745059729">
  <File Type="RDS-RDS" Name="dist_mem_gen_1.vds"/>
  <File Type="REPORTS-TCL" Name="dist_mem_gen_1_reports.tcl"/>
  <File Type="PA-TCL" Name="dist_mem_gen_1.tcl"/>
  <File Type="RDS-DCP" Name="dist_mem_gen_1.dcp"/>
  <File Type="RDS-UTIL" Name="dist_mem_gen_1_utilization_synth.rpt"/>
  <File Type="RDS-UTIL-PB" Name="dist_mem_gen_1_utilization_synth.pb"/>
  <FileSet Name="sources" Type="BlockSrcs" RelSrcDir="$PSRCDIR/dist_mem_gen_1">
    <File Path="$PSRCDIR/sources_1/ip/dist_mem_gen_1/dist_mem_gen_1.xci">
      <FileInfo>
        <Attr Name="ImportPath" Val="$PSRCDIR/sources_1/ip/dist_mem_gen_1/dist_mem_gen_1.xci"/>
        <Attr Name="ImportTime" Val="1745052164"/>
        <Attr Name="UsedIn" Val="synthesis"/>
        <Attr Name="UsedIn" Val="implementation"/>
        <Attr Name="UsedIn" Val="simulation"/>
      </FileInfo>
    </File>
    <File Path="$PSRCDIR/sources_1/ip/dist_mem_gen_1.xcix">
      <FileInfo>
        <Attr Name="UsedIn" Val="synthesis"/>
        <Attr Name="UsedIn" Val="implementation"/>
        <Attr Name="UsedIn" Val="simulation"/>
      </FileInfo>
    </File>
    <Config>
      <Option Name="TopModule" Val="dist_mem_gen_1"/>
      <Option Name="UseBlackboxStub" Val="1"/>
    </Config>
  </FileSet>
  <FileSet Name="constrs_in" Type="BlockSrcs" RelSrcDir="$PSRCDIR/dist_mem_gen_1">
    <File Path="$PSRCDIR/sources_1/ip/dist_mem_gen_1/dist_mem_gen_1.xci">
      <FileInfo>
        <Attr Name="ImportPath" Val="$PSRCDIR/sources_1/ip/dist_mem_gen_1/dist_mem_gen_1.xci"/>
        <Attr Name="ImportTime" Val="1745052164"/>
        <Attr Name="UsedIn" Val="synthesis"/>
        <Attr Name="UsedIn" Val="implementation"/>
        <Attr Name="UsedIn" Val="simulation"/>
      </FileInfo>
    </File>
    <File Path="$PSRCDIR/sources_1/ip/dist_mem_gen_1.xcix">
      <FileInfo>
        <Attr Name="UsedIn" Val="synthesis"/>
        <Attr Name="UsedIn" Val="implementation"/>
        <Attr Name="UsedIn" Val="simulation"/>
      </FileInfo>
    </File>
    <Config>
      <Option Name="TopModule" Val="dist_mem_gen_1"/>
      <Option Name="UseBlackboxStub" Val="1"/>
    </Config>
  </FileSet>
  <FileSet Name="utils" Type="Utils" RelSrcDir="$PSRCDIR/utils_1">
    <Filter Type="Utils"/>
    <File Path="$PSRCDIR/utils_1/imports/synth_1/processor_top.dcp">
      <FileInfo>
        <Attr Name="UsedIn" Val="synthesis"/>
        <Attr Name="UsedIn" Val="implementation"/>
        <Attr Name="UsedInSteps" Val="synth_1"/>
        <Attr Name="AutoDcp" Val="1"/>
      </FileInfo>
    </File>
    <Config>
      <Option Name="TopAutoSet" Val="TRUE"/>
    </Config>
  </FileSet>
  <Strategy Version="1" Minor="2">
    <StratHandle Name="Vivado Synthesis Defaults" Flow="Vivado Synthesis 2022"/>
    <Step Id="synth_design"/>
  </Strategy>
</GenRun>
